Installation_ID,Software_Name,Installed_On_Asset,Installed_By,Install_Date
INST700,Office,H1000,Taylor Watkins,2024-10-16
INST701,AutoCAD,H1001,James Sheppard,2025-08-04
INST702,VSCode,H1002,Cynthia Johnson,2024-07-21
INST703,Office,H1003,Scott Torres,2024-06-29
INST704,Photoshop,H1004,Courtney Burns,2025-04-17
INST705,Slack,H1005,Natasha Schultz,2025-09-16
INST706,Photoshop,H1006,Melissa Cameron,2025-11-20
INST707,AutoCAD,H1007,Kenneth Norris,2024-07-17
INST708,Zoom,H1008,Matthew Bennett,2024-10-22
INST709,Photoshop,H1009,Ms. Linda Garcia,2024-04-16
INST710,VSCode,H1010,Jeremiah Johnson,2026-01-13
INST711,AutoCAD,H1011,Wendy Singh,2025-07-30
INST712,Photoshop,H1012,Maria Hamilton,2024-05-06
INST713,Photoshop,H1013,Samuel Harvey,2025-10-14
INST714,Photoshop,H1014,Troy Price,2025-12-29
INST715,VSCode,H1015,Jillian Wilson,2024-08-20
INST716,AutoCAD,H1016,Ashley Cline,2025-11-30
INST717,Office,H1017,Diane Dalton,2025-11-12
INST718,Photoshop,H1018,Amanda Palmer,2024-03-23
INST719,AutoCAD,H1019,Ryan Robbins,2024-05-14
